IP,Blocked_Time,Source,VT_Malicious,VT_Suspicious,AbuseIPDB_Score,AbuseIPDB_Reports,GreyNoise_Noise,AlienVault_Pulses,Country,ISP,Lat,Lon
1.235.192.214,2026-07-13T08:33:26.466116,auto,12,4,N/A,N/A,NO,N/A,South Korea,SK Broadband Co Ltd,37.4803,127.0302
1.95.44.44,2026-07-13T08:33:26.466144,auto,0,0,27,4,YES,N/A,China,DXTNET,26.6475,106.6301
103.179.174.112,2026-07-13T08:33:26.466153,auto,14,3,N/A,N/A,NO,N/A,Vietnam,HUNASOFT,16.0314,108.224
139.59.146.150,2026-07-13T08:33:26.466160,auto,9,3,100,1930,NO,N/A,Germany,DIGITALOCEAN,50.1169,8.6837
101.126.26.93,2026-07-13T08:33:26.466169,auto,11,4,N/A,N/A,NO,N/A,China,GHSX,39.9904,116.386
101.126.54.95,2026-07-13T08:33:26.466176,auto,11,4,N/A,N/A,NO,N/A,China,GHSX,39.9904,116.386
123.58.198.35,2026-07-13T08:33:26.466182,auto,N/A,N/A,100,2199,NO,N/A,Vietnam,UCLOUD INFORMATION TECHNOLOGY (HK) LIMITED,10.822,106.6257
172.105.69.26,2026-07-13T08:33:26.466191,auto,N/A,N/A,100,607,NO,N/A,Germany,Akamai Technologies,50.1169,8.6837
118.37.214.187,2026-07-13T08:33:26.466199,auto,16,3,N/A,N/A,NO,N/A,South Korea,Korea Telecom,37.626,126.7152
101.201.63.56,2026-07-13T08:33:26.466205,auto,N/A,N/A,N/A,N/A,NO,N/A,China,Hangzhou Alibaba Advertising Co,39.911,116.395
185.223.235.33,2026-07-13T08:33:26.466212,auto,N/A,N/A,100,2065,NO,N/A,The Netherlands,Hydra Communications Ltd,52.3716,4.8883
101.126.89.0,2026-07-13T08:33:26.466220,auto,10,5,N/A,N/A,NO,N/A,China,"Beijing Volcano Engine Technology Co., Ltd.",39.9042,116.407
101.126.11.137,2026-07-13T08:33:26.466227,auto,11,4,N/A,N/A,NO,N/A,China,GHSX,39.9904,116.386
101.126.23.159,2026-07-13T08:33:26.466233,auto,13,5,N/A,N/A,NO,N/A,China,GHSX,39.9904,116.386
103.208.219.38,2026-07-13T08:33:26.466240,auto,N/A,N/A,100,1559,NO,N/A,Australia,Hostopia Australia Web Pty Ltd,-33.8883,151.208
101.201.234.37,2026-07-13T08:33:26.466247,auto,N/A,N/A,N/A,N/A,NO,N/A,China,Hangzhou Alibaba Advertising Co,39.911,116.395
1.255.171.167,2026-07-13T08:33:26.466254,auto,10,2,N/A,N/A,NO,N/A,South Korea,SK Broadband Co Ltd,35.1784,128.5754
91.92.40.204,2026-07-13T08:33:26.466261,auto,14,4,N/A,N/A,NO,N/A,Bulgaria,BULLETGROUP,43.1753,27.9041
100.51.6.16,2026-07-13T08:33:26.466267,auto,7,4,N/A,N/A,NO,N/A,United States,"Amazon.com, Inc.",39.0438,-77.4874
176.53.159.198,2026-07-13T08:33:26.466274,auto,12,4,N/A,N/A,NO,N/A,Turkey,Hop Bilisim Teknolojileri Anonim Sirketi,41.0478,28.8119
1.20.163.134,2026-07-13T08:33:26.466281,auto,3,2,N/A,N/A,NO,N/A,Thailand,TOT Public Company Limited,13.0508,100.9367
159.89.196.91,2026-07-13T08:33:26.466287,auto,9,3,N/A,N/A,NO,N/A,Singapore,"DigitalOcean, LLC",1.32123,103.695
66.132.172.250,2026-07-13T08:33:26.466294,auto,9,2,N/A,N/A,NO,N/A,United States,"Censys, Inc.",42.2809,-83.7489
62.60.130.219,2026-07-13T08:33:26.466300,auto,13,2,N/A,N/A,NO,N/A,Iran,Cipher Operations DOO Beograd - Novi Beograd,35.6824,51.4158
120.48.88.69,2026-07-13T08:33:26.466308,auto,5,3,N/A,N/A,NO,N/A,China,Baidu,39.911,116.395
101.13.5.39,2026-07-13T08:33:26.466315,auto,12,4,N/A,N/A,NO,N/A,Taiwan,"Taiwan Mobile Co., Ltd.",25.0237,121.552
80.94.92.234,2026-07-13T08:33:26.466321,auto,14,3,N/A,N/A,NO,N/A,The Netherlands,Unmanaged LTD,52.3676,4.90414
118.26.111.63,2026-07-13T08:33:26.466327,auto,N/A,N/A,100,509,NO,N/A,Singapore,UCLOUD INFORMATION TECHNOLOGY (HK) LIMITED,1.35208,103.82
1.220.198.126,2026-07-13T08:33:26.466334,auto,10,5,N/A,N/A,NO,N/A,South Korea,LG DACOM Corporation,37.727,127.1963
58.22.255.28,2026-07-13T08:33:26.466341,auto,10,3,N/A,N/A,NO,N/A,China,CNCGroup CHINA169 FuJian province network,25.075,117.017
101.13.4.124,2026-07-13T08:33:26.466347,auto,10,6,N/A,N/A,NO,N/A,Taiwan,"Taiwan Mobile Co., Ltd.",25.0237,121.552
20.153.204.5,2026-07-13T08:33:26.466353,auto,N/A,N/A,100,4932,NO,N/A,Japan,Microsoft Corporation,35.68,139.77
170.238.136.42,2026-07-13T08:33:26.466360,auto,N/A,N/A,100,1194,NO,N/A,Brazil,Brasil Redes Comunicações LTDA - ME,-8.144,-34.9775
85.217.140.10,2026-07-13T08:33:26.466369,auto,N/A,N/A,100,6335,NO,N/A,France,Modat B.V.,50.9853,2.1311
217.60.195.168,2026-07-13T08:33:26.466376,auto,7,2,N/A,N/A,NO,N/A,The Netherlands,Swissnet LLC,50.8933,6.05805
115.56.238.174,2026-07-13T08:33:26.466383,auto,11,6,N/A,N/A,NO,N/A,China,CNC Group CHINA169 Henan Province Network,34.7472,113.625
1.1.220.166,2026-07-13T08:33:26.466390,auto,10,8,N/A,N/A,NO,N/A,Thailand,TOT Public Company Limited,17.0644,104.6882
54.145.20.113,2026-07-13T08:33:26.466396,auto,N/A,N/A,100,116,NO,N/A,United States,Amazon Technologies Inc.,39.0438,-77.4874
167.99.210.137,2026-07-13T08:33:26.466403,auto,N/A,N/A,100,881,NO,N/A,The Netherlands,"DigitalOcean, LLC",52.352,4.9392
101.13.6.91,2026-07-13T08:33:26.466410,auto,13,3,N/A,N/A,NO,N/A,Taiwan,"Taiwan Mobile Co., Ltd.",25.0237,121.552
1.222.42.237,2026-07-13T08:33:26.466416,auto,10,4,N/A,N/A,NO,N/A,South Korea,LG DACOM Corporation,37.597,126.9156
1.250.67.114,2026-07-13T08:33:26.466422,auto,12,3,N/A,N/A,NO,N/A,South Korea,SK Broadband Co Ltd,35.8014,127.1076
101.126.89.35,2026-07-13T08:33:26.466428,auto,10,4,N/A,N/A,NO,N/A,China,"Beijing Volcano Engine Technology Co., Ltd.",39.9042,116.407
101.126.91.34,2026-07-13T08:33:26.466435,auto,12,3,N/A,N/A,NO,N/A,China,"Beijing Volcano Engine Technology Co., Ltd.",39.9042,116.407
195.96.139.87,2026-07-13T08:33:26.466441,auto,N/A,N/A,100,206,NO,N/A,United Kingdom,Driftnet Ltd,53.8008,-1.54908
1.194.233.49,2026-07-13T08:33:26.466447,auto,7,4,N/A,N/A,NO,N/A,China,China Telecom,31.8696,117.293
18.119.209.50,2026-07-13T08:33:26.466453,auto,N/A,N/A,100,15997,NO,N/A,United States,"Amazon.com, Inc.",40.0992,-83.1141
1.54.237.176,2026-07-13T08:33:26.466460,auto,N/A,N/A,N/A,N/A,NO,N/A,Vietnam,FPT Telecom Company,10.822,106.6257
101.126.145.214,2026-07-13T08:33:26.466466,auto,9,6,N/A,N/A,NO,N/A,China,"Beijing Volcano Engine Technology Co., Ltd.",39.9794,116.338
91.92.42.81,2026-07-13T08:33:26.466473,auto,5,4,N/A,N/A,NO,N/A,The Netherlands,LLC VASH KREDIT BANK,52.3676,4.90414
101.126.154.252,2026-07-13T08:33:26.466480,auto,17,4,N/A,N/A,NO,N/A,China,"Beijing Volcano Engine Technology Co., Ltd.",39.9794,116.338
1.20.174.210,2026-07-13T08:33:26.466486,auto,6,1,N/A,N/A,NO,N/A,Thailand,TOT Public Company Limited,13.0508,100.9367
101.13.4.120,2026-07-13T08:33:26.466493,auto,11,4,N/A,N/A,NO,N/A,Taiwan,"Taiwan Mobile Co., Ltd.",25.0237,121.552
1.238.106.229,2026-07-13T08:33:26.466499,auto,11,6,N/A,N/A,NO,N/A,South Korea,SK Broadband Co Ltd,37.2963,127.0506
101.13.5.33,2026-07-13T08:33:26.466505,auto,15,3,N/A,N/A,NO,N/A,Taiwan,"Taiwan Mobile Co., Ltd.",25.0237,121.552
86.54.31.40,2026-07-13T08:33:26.466511,auto,N/A,N/A,100,4289,NO,N/A,The Netherlands,MISTRAL,52.3676,4.90414
101.126.55.179,2026-07-13T08:33:26.466517,auto,9,4,N/A,N/A,NO,N/A,China,GHSX,39.9904,116.386
178.178.222.61,2026-07-13T08:33:26.466523,auto,12,5,N/A,N/A,NO,N/A,Russia,PJSC MegaFon,55.7558,37.6173
162.217.100.201,2026-07-13T08:33:26.466530,auto,N/A,N/A,100,762,NO,N/A,United States,Internap Holding LLC,32.7767,-96.797
81.30.98.90,2026-07-13T08:33:26.466536,auto,N/A,N/A,100,10128,NO,N/A,Lithuania,KOI CLOUD SERVICES (Pty) Ltd,54.8985,23.9036
204.76.203.79,2026-07-13T08:33:26.466542,auto,15,2,N/A,N/A,NO,N/A,The Netherlands,Pfcloud UG,50.8897,6.0563
101.126.14.37,2026-07-13T08:33:26.466549,auto,10,4,N/A,N/A,NO,N/A,China,GHSX,39.9904,116.386
1.20.187.34,2026-07-13T08:33:26.466555,auto,N/A,N/A,87,14,NO,N/A,Thailand,TOT Public Company Limited,12.6282,101.438
122.224.164.194,2026-07-13T08:33:26.466561,auto,9,5,N/A,N/A,NO,N/A,China,Chinanet,39.9042,116.407
102.54.246.130,2026-07-13T08:33:26.466568,auto,N/A,N/A,100,1022,NO,N/A,Morocco,Casa Marrakech 4G MarocTelecom,34.0072,-6.8407
203.21.120.126,2026-07-13T08:33:26.466575,auto,N/A,N/A,100,2206,NO,N/A,Mongolia,MCS Com Co Ltd,47.9235,106.915
101.206.211.72,2026-07-13T08:33:26.466582,auto,17,4,N/A,N/A,NO,N/A,China,China Unicom Sichuan Province Network,30.5723,104.067
101.126.18.203,2026-07-13T08:33:26.466588,auto,11,4,N/A,N/A,NO,N/A,China,GHSX,39.9904,116.386
69.5.169.171,2026-07-13T08:33:26.466593,auto,12,5,N/A,N/A,NO,N/A,Germany,Hydra Communications Ltd,50.1169,8.6837
146.190.79.166,2026-07-13T08:33:26.466599,auto,N/A,N/A,100,102,NO,N/A,United States,"DigitalOcean, LLC",40.7964,-74.0203
85.11.167.7,2026-07-13T08:33:26.466615,auto,N/A,N/A,100,13022,NO,N/A,Bulgaria,LLC VASH KREDIT BANK,42.6826,23.3223
92.118.39.62,2026-07-13T08:33:26.466621,auto,N/A,N/A,100,35608,NO,N/A,United States,Unmanaged LTD,32.7797,-96.8022
45.148.10.240,2026-07-13T08:33:26.466628,auto,14,3,N/A,N/A,NO,N/A,The Netherlands,Techoff SRV Limited,52.3716,4.8883
103.165.227.178,2026-07-13T08:33:26.466634,auto,N/A,N/A,100,821,NO,N/A,Indonesia,PT iForte Global Internet,-6.1898,106.8415
101.201.67.225,2026-07-13T08:33:26.466641,auto,N/A,N/A,N/A,N/A,NO,N/A,China,Hangzhou Alibaba Advertising Co,39.911,116.395
1.20.190.206,2026-07-13T08:33:26.466647,auto,1,2,42,6,NO,1,Thailand,TOT Public Company Limited,14.3517,100.577
101.13.4.119,2026-07-13T08:33:26.466654,auto,10,4,N/A,N/A,NO,N/A,Taiwan,"Taiwan Mobile Co., Ltd.",25.0237,121.552
204.76.203.78,2026-07-13T08:33:26.466660,auto,16,2,N/A,N/A,NO,N/A,The Netherlands,Pfcloud UG,50.8897,6.0563
91.151.95.146,2026-07-13T08:33:26.466666,auto,N/A,N/A,100,1902,NO,N/A,Turkey,Hosting Dunyam Bilisim Teknolojileri Ticaret Limited Sirketi,41.0082,28.9784
1.65.136.185,2026-07-13T08:33:26.466673,auto,6,4,N/A,N/A,NO,N/A,Hong Kong,PCCW IMS Limited,22.2985,114.251
89.46.33.143,2026-07-13T08:33:26.466679,auto,6,1,N/A,N/A,NO,N/A,Kazakhstan,"LLP ""Kompaniya Hoster.KZ""",51.1625,71.3668
1.12.48.131,2026-07-13T08:33:26.466686,auto,10,3,N/A,N/A,NO,N/A,China,China Internet Network Information Center,23.1181,113.2539
101.13.2.182,2026-07-13T08:33:26.466692,auto,10,4,N/A,N/A,NO,N/A,Taiwan,"Taiwan Mobile Co., Ltd.",25.0237,121.552
45.148.10.157,2026-07-13T08:33:26.466698,auto,N/A,N/A,100,208531,NO,N/A,The Netherlands,Techoff SRV Limited,52.3716,4.8883
134.209.241.3,2026-07-13T08:33:26.466705,auto,N/A,N/A,100,875,NO,N/A,Germany,"DigitalOcean, LLC",50.1169,8.6837
101.13.5.195,2026-07-13T08:33:26.466711,auto,11,4,N/A,N/A,NO,N/A,Taiwan,"Taiwan Mobile Co., Ltd.",25.0237,121.552
157.245.69.40,2026-07-13T08:33:26.466718,auto,N/A,N/A,100,65,NO,N/A,The Netherlands,"DigitalOcean, LLC",52.352,4.9392
101.201.153.106,2026-07-13T08:33:26.466725,auto,N/A,N/A,N/A,N/A,NO,N/A,China,Hangzhou Alibaba Advertising Co,39.911,116.395
13.86.116.180,2026-07-13T08:33:26.466731,auto,N/A,N/A,100,1617,NO,N/A,United States,Microsoft Corporation,41.5908,-93.6208
103.60.242.169,2026-07-13T08:33:26.466738,auto,N/A,N/A,100,2142,NO,N/A,Vietnam,Mega Technology Company Limited,21.0358,105.787
199.45.155.75,2026-07-13T08:33:26.466745,auto,N/A,N/A,100,1388,NO,N/A,Hong Kong,"Censys, Inc.",22.3193,114.169
101.126.4.215,2026-07-13T08:33:26.466750,auto,11,4,N/A,N/A,NO,N/A,China,GHSX,39.9904,116.386
1.20.140.252,2026-07-13T08:33:26.466755,auto,12,4,N/A,N/A,NO,N/A,Thailand,TOT Public Company Limited,17.6256,100.094
101.126.30.240,2026-07-13T08:33:26.466761,auto,10,5,N/A,N/A,NO,N/A,China,GHSX,39.9904,116.386
1.15.227.58,2026-07-13T08:33:26.466768,auto,9,2,N/A,N/A,NO,N/A,China,Tencent Cloud Computing (Beijing) Co. Ltd.,30.9523,117.8164
1.0.164.165,2026-07-13T08:33:26.466774,auto,12,3,N/A,N/A,NO,N/A,Thailand,TOT Public Company Limited,7.9166,98.3494
1.20.172.233,2026-07-13T08:33:26.466780,auto,N/A,N/A,N/A,N/A,NO,N/A,Thailand,TOT Public Company Limited,13.0508,100.9367
1.234.75.81,2026-07-13T08:33:26.466786,auto,8,6,N/A,N/A,NO,N/A,South Korea,SK Broadband Co Ltd,37.4803,127.0302
106.112.194.160,2026-07-13T08:33:26.466791,auto,8,6,N/A,N/A,NO,N/A,China,Chinanet,38.036,114.47
1.234.27.159,2026-07-13T08:33:26.466797,auto,8,4,N/A,N/A,NO,N/A,South Korea,SK Broadband Co Ltd,37.4909,127.0452
116.110.221.201,2026-07-13T08:33:26.466803,auto,N/A,N/A,100,167,NO,N/A,Vietnam,Viettel Group,16.0685,108.2215
40.124.173.185,2026-07-13T08:33:26.466809,auto,N/A,N/A,100,1282,NO,N/A,United States,Microsoft Corporation,29.4167,-98.5
85.185.201.10,2026-07-13T08:33:26.466815,auto,8,3,N/A,N/A,NO,N/A,Iran,Iran Telecommunication Company PJS,38.2432,48.2976
154.205.134.214,2026-07-13T08:33:26.466822,auto,16,2,N/A,N/A,NO,N/A,Saudi Arabia,Kaopu Cloud HK Limited,24.6869,46.7224
185.242.3.226,2026-07-13T08:33:26.466828,auto,14,1,N/A,N/A,NO,N/A,Germany,Netiface Limited,50.1109,8.68213
91.92.47.96,2026-07-13T08:33:26.466834,auto,N/A,N/A,100,350,NO,N/A,United Kingdom,https://ip.me/static/geofeeds/-22.csv,51.5073,-0.1277
101.126.66.30,2026-07-13T08:33:26.466841,auto,12,4,N/A,N/A,NO,N/A,China,"Beijing Volcano Engine Technology Co., Ltd.",39.9042,116.407
1.187.75.8,2026-07-13T08:33:26.466847,auto,2,3,16,2,NO,1,India,Vodafone Idea Ltd.,26.9136,75.7858
101.227.79.195,2026-07-13T08:33:26.466854,auto,12,2,N/A,N/A,NO,N/A,China,China Telecom (Group),31.2222,121.4581
66.175.212.77,2026-07-13T08:33:26.466860,auto,2,2,100,2847,NO,N/A,United States,"Akamai Technologies, Inc.",40.8229,-74.4592
1.27.251.252,2026-07-13T08:33:26.466867,auto,14,3,N/A,N/A,NO,N/A,China,China Unicom Neimeng Province Network,42.2683,118.9636
102.220.160.154,2026-07-13T08:33:26.466874,auto,13,3,N/A,N/A,NO,N/A,Nigeria,ABINTERNET-V Ltd.,7.78267,4.54181
101.227.203.162,2026-07-13T08:33:26.466880,auto,11,3,N/A,N/A,NO,N/A,China,China Telecom (Group),31.2304,121.474
78.128.114.58,2026-07-13T08:33:26.466886,auto,N/A,N/A,100,11001,NO,N/A,Bulgaria,Tamatiya EOOD,42.6333,24.8
1.162.247.210,2026-07-13T08:33:26.466892,auto,N/A,N/A,N/A,N/A,NO,N/A,Taiwan,"Chunghwa Telecom Co., Ltd.",23.9807,121.6115
69.5.169.2,2026-07-13T08:33:26.466897,auto,N/A,N/A,100,3022,NO,N/A,Germany,Hydra Communications Ltd,50.1169,8.6837
101.127.101.225,2026-07-13T08:33:26.466903,auto,9,4,N/A,N/A,NO,N/A,Singapore,Starhub Internet Pte Ltd,1.43806,103.827
111.229.137.241,2026-07-13T08:33:26.466909,auto,7,4,N/A,N/A,NO,N/A,China,Shenzhen Tencent Computer Systems Company Limited,31.2222,121.4581
101.13.2.183,2026-07-13T08:33:26.466916,auto,8,6,N/A,N/A,NO,N/A,Taiwan,"Taiwan Mobile Co., Ltd.",25.0237,121.552
85.217.149.45,2026-07-13T08:33:26.466922,auto,N/A,N/A,100,4598,NO,N/A,Canada,Modat B.V.,45.3161,-73.8736
103.189.208.13,2026-07-13T08:33:26.466928,auto,N/A,N/A,100,5967,NO,N/A,Vietnam,Tedev Technological Development Company Limited,16.0439,108.244
101.126.55.67,2026-07-13T08:33:26.466935,auto,10,3,N/A,N/A,NO,N/A,China,GHSX,39.9904,116.386
101.126.146.145,2026-07-13T08:33:26.466941,auto,13,5,N/A,N/A,NO,N/A,China,"Beijing Volcano Engine Technology Co., Ltd.",39.9794,116.338
1.85.42.195,2026-07-13T08:33:26.466947,auto,10,5,N/A,N/A,NO,N/A,China,Chinanet,34.2635,108.9246
101.126.89.57,2026-07-13T08:33:26.466953,auto,10,4,N/A,N/A,NO,N/A,China,"Beijing Volcano Engine Technology Co., Ltd.",39.9042,116.407
1.214.42.172,2026-07-13T08:33:26.466960,auto,11,4,N/A,N/A,NO,N/A,South Korea,LG DACOM Corporation,37.4873,126.9227
101.13.5.34,2026-07-13T08:33:26.466966,auto,9,4,N/A,N/A,NO,N/A,Taiwan,"Taiwan Mobile Co., Ltd.",25.0237,121.552
101.13.5.88,2026-07-13T08:33:26.466972,auto,N/A,N/A,N/A,N/A,NO,N/A,Taiwan,"Taiwan Mobile Co., Ltd.",25.0237,121.552
101.132.144.220,2026-07-13T08:33:26.466977,auto,6,4,N/A,N/A,NO,N/A,China,Hangzhou Alibaba Advertising Co,31.2222,121.4581
101.201.38.226,2026-07-13T08:33:26.466983,auto,N/A,N/A,N/A,N/A,NO,N/A,China,Hangzhou Alibaba Advertising Co,39.911,116.395
164.92.244.132,2026-07-13T08:33:26.466989,auto,N/A,N/A,100,1060,NO,N/A,Germany,"DigitalOcean, LLC",50.1169,8.6837
179.27.99.9,2026-07-13T08:33:26.466995,auto,10,4,N/A,N/A,NO,N/A,Uruguay,Administracion Nacional de Telecomunicaciones,-34.8921,-56.1944
83.222.175.106,2026-07-13T08:33:26.467001,auto,N/A,N/A,100,270,NO,N/A,Bulgaria,Comnet Bulgaria Holding Ltd.,42.6842,26.3342
101.126.53.14,2026-07-13T08:33:26.467008,auto,18,3,N/A,N/A,NO,N/A,China,GHSX,39.9904,116.386
81.193.216.17,2026-07-13T08:33:26.467013,auto,11,5,N/A,N/A,NO,N/A,Portugal,PT Comunicacoes S.A,38.3953,-28.2522
94.154.43.181,2026-07-13T08:33:26.467020,auto,12,3,N/A,N/A,NO,N/A,Turkey,Net Gate Telecom S.R.L.,40.1854,29.0824
34.123.134.194,2026-07-13T08:33:26.467025,auto,N/A,N/A,100,4921,NO,N/A,United States,Google LLC,41.2619,-95.8608
157.20.189.179,2026-07-13T08:33:26.467031,auto,N/A,N/A,100,444,NO,N/A,Indonesia,Dinas Komunikasi dan Informatika Kabupaten Lamongan,-7.1183,112.413
101.126.138.178,2026-07-13T08:33:26.467038,auto,9,5,N/A,N/A,NO,N/A,China,"Beijing Volcano Engine Technology Co., Ltd.",39.9794,116.338
1.164.166.102,2026-07-13T08:33:26.467049,auto,2,0,32,4,YES,0,Taiwan,"Chunghwa Telecom Co., Ltd.",25.053,121.5259
1.38.238.72,2026-07-13T08:33:26.467057,auto,2,3,0,0,NO,1,India,Vodafone India Ltd,23.0276,72.5871
119.91.27.13,2026-07-13T08:33:26.467063,auto,6,2,N/A,N/A,NO,N/A,China,China Internet Network Information Center,23.1181,113.2539
1.237.155.150,2026-07-13T08:33:26.467069,auto,7,4,N/A,N/A,NO,N/A,South Korea,SK Broadband Co Ltd,37.4331,127.1377
101.115.130.168,2026-07-13T08:33:26.467075,auto,1,2,0,0,NO,0,Australia,Vodafone Australia Pty Ltd,-37.834,144.9832
204.76.203.80,2026-07-13T08:33:26.467082,auto,14,3,N/A,N/A,NO,N/A,The Netherlands,Pfcloud UG,50.8897,6.0563
114.34.106.146,2026-07-13T08:33:26.467088,auto,14,2,N/A,N/A,NO,N/A,Taiwan,"Chunghwa Telecom Co., Ltd.",25.0693,121.4626
52.248.43.121,2026-07-13T08:33:26.467094,auto,N/A,N/A,100,1541,NO,N/A,United States,Microsoft Corporation,29.4167,-98.5
101.126.67.70,2026-07-13T08:33:26.467100,auto,10,4,N/A,N/A,NO,N/A,China,"Beijing Volcano Engine Technology Co., Ltd.",39.9042,116.407
184.105.247.238,2026-07-13T08:33:26.467107,auto,12,2,N/A,N/A,NO,N/A,United States,Hurricane Electric LLC,37.6951,-121.9
101.128.99.142,2026-07-13T08:33:26.467113,auto,10,3,N/A,N/A,NO,N/A,Indonesia,CBN,-8.6507,115.2124
101.13.5.30,2026-07-13T08:33:26.467119,auto,9,4,N/A,N/A,NO,N/A,Taiwan,"Taiwan Mobile Co., Ltd.",25.0237,121.552
101.13.1.58,2026-07-13T08:33:26.467125,auto,12,3,N/A,N/A,NO,N/A,Taiwan,"Taiwan Mobile Co., Ltd.",25.0237,121.552
159.192.97.182,2026-07-13T08:33:26.467130,auto,2,2,100,64,NO,N/A,Thailand,National Telecom Public Company Limited,13.6687,100.579
101.13.5.49,2026-07-13T08:33:26.467137,auto,10,4,N/A,N/A,NO,N/A,Taiwan,"Taiwan Mobile Co., Ltd.",25.0237,121.552
1.95.119.12,2026-07-13T08:33:26.467143,auto,3,2,N/A,N/A,NO,N/A,China,DXTNET,26.6475,106.6301
101.126.157.138,2026-07-13T08:33:26.467148,auto,11,5,N/A,N/A,NO,N/A,China,"Beijing Volcano Engine Technology Co., Ltd.",39.9794,116.338
85.217.149.44,2026-07-13T08:33:26.467155,auto,N/A,N/A,100,4105,NO,N/A,Canada,Modat B.V.,45.3161,-73.8736
167.172.131.195,2026-07-13T08:33:26.467160,auto,N/A,N/A,100,52,NO,N/A,United States,"DigitalOcean, LLC",40.7964,-74.0203
91.92.40.27,2026-07-13T08:33:26.467167,auto,N/A,N/A,100,2688,NO,N/A,Bulgaria,BULLETGROUP,43.1753,27.9041
66.132.224.29,2026-07-13T08:33:26.467172,auto,N/A,N/A,100,4318,NO,N/A,United States,"Censys, Inc.",42.2809,-83.7489
1.15.221.192,2026-07-13T08:33:26.467178,auto,10,3,N/A,N/A,NO,N/A,China,Tencent Cloud Computing (Beijing) Co. Ltd.,30.9523,117.8164
101.200.79.60,2026-07-13T08:33:26.467185,auto,N/A,N/A,N/A,N/A,NO,N/A,China,Hangzhou Alibaba Advertising Co,39.911,116.395
207.90.244.17,2026-07-13T08:33:26.467191,auto,N/A,N/A,100,10281,NO,N/A,United States,Cogent Communications,30.4515,-97.5774
101.109.255.242,2026-07-13T08:33:26.467197,auto,7,6,100,140,NO,N/A,Thailand,TOT Public Company Limited,13.7101,100.4543
101.13.1.75,2026-07-13T08:33:26.467204,auto,8,4,N/A,N/A,NO,N/A,Taiwan,"Taiwan Mobile Co., Ltd.",25.0237,121.552
1.116.61.217,2026-07-13T08:33:26.467210,auto,11,3,N/A,N/A,NO,N/A,China,China Internet Network Information Center,31.2222,121.4581
101.126.55.63,2026-07-13T08:33:26.467216,auto,10,5,N/A,N/A,NO,N/A,China,GHSX,39.9904,116.386
103.25.47.94,2026-07-13T08:33:26.467221,auto,10,4,N/A,N/A,NO,N/A,India,Rainbow communications India Pvt Ltd,11.6602,78.1532
1.20.228.110,2026-07-13T08:33:26.467227,auto,15,3,N/A,N/A,NO,N/A,Thailand,TOT Public Company Limited,13.8983,100.582
156.225.1.10,2026-07-13T08:33:26.467233,auto,6,2,N/A,N/A,NO,N/A,Japan,AgotoZ HK Limited,35.694,139.754
162.214.5.224,2026-07-13T08:33:26.467239,auto,N/A,N/A,100,1306,NO,N/A,United States,Unified Layer,40.2066,-111.643
1.235.192.131,2026-07-13T08:33:26.467245,auto,6,4,N/A,N/A,NO,N/A,South Korea,SK Broadband Co Ltd,37.4803,127.0302
34.62.105.50,2026-07-13T08:33:26.467251,auto,4,2,N/A,N/A,NO,N/A,Belgium,Google LLC,50.9009,4.4855
1.237.74.84,2026-07-13T08:33:26.467256,auto,2,1,100,29,NO,N/A,South Korea,SK Broadband Co Ltd,37.2892,127.4531
8.216.6.134,2026-07-13T08:33:26.467263,auto,6,4,N/A,N/A,NO,N/A,Japan,"Alibaba (US) Technology Co., Ltd.",35.6893,139.6899
209.99.185.195,2026-07-13T08:33:26.467270,auto,N/A,N/A,100,4220,NO,N/A,Switzerland,SKN Subnet & Telecom Ltd,47.3643,8.5437
64.62.197.157,2026-07-13T08:33:26.467275,auto,10,3,N/A,N/A,NO,N/A,United States,Hurricane Electric LLC,37.6951,-121.9
1.39.155.64,2026-07-13T08:33:26.467281,auto,2,3,0,0,NO,1,India,Hutchison Max Telecom Limited,26.9136,75.7858
95.214.55.23,2026-07-13T08:33:26.467288,auto,N/A,N/A,100,226,NO,N/A,Poland,MEVSPACE sp. z o.o.,52.1783,21.0602
101.184.173.229,2026-07-13T08:33:26.467294,auto,N/A,N/A,11,2,NO,0,Australia,Telstra Limited,-34.0669,151.0166
79.124.59.78,2026-07-13T08:33:26.467300,auto,N/A,N/A,100,16842,NO,N/A,Bulgaria,Tamatiya EOOD,42.6539,24.7548
1.47.29.162,2026-07-13T08:33:26.467306,auto,4,2,N/A,N/A,NO,N/A,Thailand,Total Access Communication PLC,13.7159,100.417
101.126.71.100,2026-07-13T08:33:26.467312,auto,9,4,N/A,N/A,NO,N/A,China,"Beijing Volcano Engine Technology Co., Ltd.",39.9042,116.407
47.251.165.41,2026-07-13T08:33:26.467319,auto,5,3,N/A,N/A,NO,N/A,United States,Alibaba Cloud LLC,36.7783,-119.418
85.217.140.42,2026-07-13T08:33:26.467325,auto,12,4,N/A,N/A,NO,N/A,France,Modat B.V.,50.9853,2.1311
45.148.10.151,2026-07-13T08:33:26.467331,auto,13,3,100,208385,NO,N/A,The Netherlands,Techoff SRV Limited,52.3716,4.8883
101.13.5.26,2026-07-13T08:33:26.467337,auto,12,5,N/A,N/A,NO,N/A,Taiwan,"Taiwan Mobile Co., Ltd.",25.0237,121.552
101.13.4.128,2026-07-13T08:33:26.467356,auto,11,4,N/A,N/A,NO,N/A,Taiwan,"Taiwan Mobile Co., Ltd.",25.0237,121.552
1.86.233.5,2026-07-13T08:33:26.467362,auto,15,3,N/A,N/A,NO,N/A,China,Chinanet,34.2649,108.954
91.92.199.36,2026-07-13T08:33:26.467368,auto,N/A,N/A,100,5064,NO,N/A,Bulgaria,Neterra Ltd.,42.6977,23.3219
1.227.228.131,2026-07-13T08:33:26.467374,auto,11,4,N/A,N/A,NO,N/A,South Korea,SK Broadband Co Ltd,37.5359,127.2078
42.123.123.238,2026-07-13T08:33:26.467379,auto,12,3,N/A,N/A,NO,N/A,China,Cloud Computing Corporation,39.9042,116.407
78.128.114.110,2026-07-13T08:33:26.467386,auto,10,3,N/A,N/A,NO,N/A,Bulgaria,Tamatiya EOOD,42.6333,24.8
154.0.30.137,2026-07-13T08:33:26.467391,auto,N/A,N/A,100,7013,NO,N/A,Ivory Coast,Moov LS Business,5.3536,-4.0012
31.171.125.179,2026-07-13T08:33:26.467397,auto,N/A,N/A,100,1364,NO,N/A,Azerbaijan,Telekom Invest,40.3771,49.8875
91.230.168.67,2026-07-13T08:33:26.467403,auto,N/A,N/A,100,2660,NO,N/A,United States,Onyphe SAS,45.526,-122.9874
203.129.217.70,2026-07-13T08:33:26.467409,auto,N/A,N/A,100,937,NO,N/A,India,Software Technology Parks of India - Bangalore,28.5688,77.3355
89.21.67.174,2026-07-13T08:33:26.467415,auto,N/A,N/A,100,1954,NO,N/A,The Netherlands,Hydra Communications Ltd,52.3716,4.8883
1.234.20.61,2026-07-13T08:33:26.467421,auto,10,3,N/A,N/A,NO,N/A,South Korea,SK Broadband Co Ltd,37.4909,127.0452
1.53.199.108,2026-07-13T08:33:26.467427,auto,1,3,4,1,NO,1,Vietnam,FPT Telecom Company,12.2549,109.093
101.126.89.144,2026-07-13T08:33:26.467433,auto,11,4,N/A,N/A,NO,N/A,China,"Beijing Volcano Engine Technology Co., Ltd.",39.9042,116.407
161.132.50.236,2026-07-13T08:33:26.467439,auto,N/A,N/A,100,2698,NO,N/A,Peru,Red Cientifica Peruana,-12.0464,-77.0428
1.38.60.189,2026-07-13T08:33:26.467445,auto,0,3,15,2,NO,0,India,Vodafone India Ltd,27.1823,78.0252
1.247.245.61,2026-07-13T08:33:26.467452,auto,10,5,N/A,N/A,NO,N/A,South Korea,SK Broadband Co Ltd,36.8151,127.0944
222.232.176.7,2026-07-13T08:33:26.467459,auto,N/A,N/A,100,8681,NO,N/A,South Korea,SK Broadband Co Ltd,35.1218,129.0518
101.126.35.9,2026-07-13T08:33:26.467465,auto,6,6,N/A,N/A,NO,N/A,China,GHSX,39.9904,116.386
85.217.140.9,2026-07-13T08:33:26.467470,auto,15,3,N/A,N/A,NO,N/A,France,Modat B.V.,50.9853,2.1311
51.195.44.250,2026-07-13T08:33:26.467476,auto,N/A,N/A,100,126,NO,N/A,Germany,OVH SAS,50.3986,8.07958
87.236.176.16,2026-07-13T08:33:26.467481,auto,N/A,N/A,100,334,NO,N/A,United Kingdom,Driftnet Ltd,53.8008,-1.54908
68.66.251.43,2026-07-13T08:33:26.467487,auto,N/A,N/A,100,3495,NO,N/A,The Netherlands,"A2 Hosting, Inc.",52.3716,4.8883
34.34.178.22,2026-07-13T08:33:26.467493,auto,N/A,N/A,100,890,NO,N/A,Belgium,Google LLC,50.9009,4.4855
58.18.80.18,2026-07-13T08:33:26.467503,auto,14,3,N/A,N/A,NO,N/A,China,CNC Group CHINA169 Neimeng Province Network,40.8415,111.752
58.30.60.250,2026-07-13T08:33:26.467509,auto,11,4,N/A,N/A,NO,N/A,China,Beijing Gehua Catv Network CO,39.9042,116.407
101.132.25.245,2026-07-13T08:33:26.467516,auto,N/A,N/A,N/A,N/A,NO,N/A,China,Hangzhou Alibaba Advertising Co,31.2222,121.4581
1.178.217.178,2026-07-13T08:33:26.467522,auto,0,3,4,1,NO,0,Palestine,Lanlian International Holding Group Limited,32.2207,35.2542
66.132.224.234,2026-07-13T08:33:26.467529,auto,N/A,N/A,100,1469,NO,N/A,United States,"Censys, Inc.",42.2809,-83.7489
101.126.43.232,2026-07-13T08:33:26.467535,auto,5,5,N/A,N/A,NO,N/A,China,GHSX,39.9904,116.386
71.6.134.230,2026-07-13T08:33:26.467541,auto,N/A,N/A,100,4623,NO,N/A,United States,"CariNet, Inc.",36.2827,-115.268
14.103.123.206,2026-07-13T08:33:26.467546,auto,10,4,N/A,N/A,NO,N/A,China,BITNET,39.9042,116.407
113.161.39.122,2026-07-13T08:33:26.467552,auto,N/A,N/A,100,2584,NO,N/A,Vietnam,VietNam Post and Telecom Corporation,10.822,106.6257
14.103.115.181,2026-07-13T08:33:26.467558,auto,12,5,N/A,N/A,NO,N/A,China,BITNET,39.9042,116.407
120.203.25.201,2026-07-13T08:33:26.467564,auto,9,5,N/A,N/A,NO,N/A,China,China Mobile communications corporation,39.9155,116.36
43.153.206.227,2026-07-13T08:33:26.467570,auto,5,3,N/A,N/A,NO,N/A,Singapore,Shenzhen Tencent Computer Systems Company Limited,1.35208,103.82
101.13.6.86,2026-07-13T08:33:26.467576,auto,10,4,N/A,N/A,NO,N/A,Taiwan,"Taiwan Mobile Co., Ltd.",25.0237,121.552
149.54.40.222,2026-07-13T08:33:26.467582,auto,N/A,N/A,100,1694,NO,N/A,Afghanistan,Government Communications Network,34.5329,69.1682
1.46.8.2,2026-07-13T08:33:26.467589,auto,2,3,25,4,NO,1,Thailand,Total Access Communication PLC,13.7159,100.417
1.20.172.91,2026-07-13T08:33:26.467595,auto,5,3,N/A,N/A,NO,N/A,Thailand,TOT Public Company Limited,13.0508,100.9367
101.13.5.63,2026-07-13T08:33:26.467602,auto,13,3,N/A,N/A,NO,N/A,Taiwan,"Taiwan Mobile Co., Ltd.",25.0237,121.552
165.154.202.116,2026-07-13T08:33:26.467608,auto,N/A,N/A,100,1080,NO,N/A,United States,Scloud Pte Ltd,34.0549,-118.243
211.221.2.119,2026-07-13T08:33:26.467614,auto,N/A,N/A,100,317,NO,N/A,South Korea,Korea Telecom,35.1513,129.1203
1.39.163.69,2026-07-13T08:33:26.467620,auto,2,3,0,0,NO,1,India,Vodafone Essar Limited,26.2692,73.009
101.200.243.197,2026-07-13T08:33:26.467625,auto,N/A,N/A,N/A,N/A,NO,N/A,China,Hangzhou Alibaba Advertising Co,39.911,116.395
101.200.53.56,2026-07-13T08:33:26.467631,auto,N/A,N/A,N/A,N/A,NO,N/A,China,Hangzhou Alibaba Advertising Co,39.911,116.395
198.199.106.159,2026-07-13T08:33:26.467637,auto,N/A,N/A,100,2270,NO,N/A,United States,"DigitalOcean, LLC",37.7308,-122.3838
188.166.78.158,2026-07-13T08:33:26.467643,auto,N/A,N/A,100,63,NO,N/A,The Netherlands,"DigitalOcean, LLC",52.352,4.9392
195.178.110.228,2026-07-13T08:33:26.467649,auto,N/A,N/A,100,9648,NO,N/A,Andorra,Techoff SRV Limited,42.5063,1.52184
45.205.1.240,2026-07-13T08:33:26.467655,auto,N/A,N/A,100,8013,NO,N/A,Brazil,Vpsvaulthost LTD,-23.5558,-46.6396
76.79.213.70,2026-07-13T08:33:26.467661,auto,N/A,N/A,100,6186,NO,N/A,United States,Spectrum,33.9576,-118.267
101.13.4.122,2026-07-13T08:33:26.467666,auto,13,3,N/A,N/A,NO,N/A,Taiwan,"Taiwan Mobile Co., Ltd.",25.0237,121.552
81.23.1.229,2026-07-13T08:33:26.467673,auto,4,3,N/A,N/A,NO,N/A,Russia,GARSTELECOM,55.7575,37.4483
106.75.137.178,2026-07-13T08:33:26.467678,auto,9,4,N/A,N/A,NO,N/A,China,UCLOUD,31.2999,121.508
165.227.62.247,2026-07-13T08:33:26.467684,auto,N/A,N/A,100,1029,NO,N/A,United States,"DigitalOcean, LLC",37.3486,-121.9732
47.254.173.90,2026-07-13T08:33:26.467690,auto,N/A,N/A,100,663,NO,N/A,Germany,Alibaba Cloud LLC,50.1138,8.6521
101.126.143.152,2026-07-13T08:33:26.467696,auto,10,5,N/A,N/A,NO,N/A,China,"Beijing Volcano Engine Technology Co., Ltd.",39.9794,116.338
47.251.122.241,2026-07-13T08:33:26.467702,auto,11,3,N/A,N/A,NO,N/A,United States,Alibaba Cloud LLC,36.7783,-119.418
1.53.36.82,2026-07-13T08:33:26.467708,auto,6,2,N/A,N/A,NO,N/A,Vietnam,FPT Telecom Company,10.822,106.6257
101.126.24.58,2026-07-13T08:33:26.467713,auto,6,7,N/A,N/A,NO,N/A,China,GHSX,39.9904,116.386
101.200.57.251,2026-07-13T08:33:26.467719,auto,N/A,N/A,N/A,N/A,NO,N/A,China,Hangzhou Alibaba Advertising Co,39.911,116.395
1.241.64.237,2026-07-13T08:33:26.467725,auto,6,3,N/A,N/A,NO,N/A,South Korea,SK Broadband Co Ltd,37.3751,126.7157
101.108.220.159,2026-07-13T08:33:26.467731,auto,3,2,N/A,N/A,NO,N/A,Thailand,TOT Public Company Limited,13.8983,100.582
20.171.9.108,2026-07-13T08:33:26.467737,auto,N/A,N/A,100,1533,NO,N/A,United States,Microsoft Corporation,33.448376,-112.074036
106.12.88.215,2026-07-13T08:33:26.467744,auto,4,3,N/A,N/A,NO,N/A,China,"Beijing Baidu Netcom Science and Technology Co., Ltd.",39.9116,116.351
1.187.74.12,2026-07-13T08:33:26.467751,auto,2,3,0,0,NO,1,India,Vodafone Idea Ltd.,26.9136,75.7858
193.163.125.46,2026-07-13T08:33:26.467757,auto,N/A,N/A,100,2194,NO,N/A,United Kingdom,Driftnet Ltd,53.8008,-1.54908
1.212.225.99,2026-07-13T08:33:26.467762,auto,9,6,N/A,N/A,NO,N/A,South Korea,LG DACOM Corporation,37.3907,126.9167
140.245.45.225,2026-07-13T08:33:26.467768,auto,7,4,N/A,N/A,NO,N/A,Singapore,Oracle Corporation,1.32773,103.746
101.126.54.23,2026-07-13T08:33:26.467774,auto,9,5,N/A,N/A,NO,N/A,China,GHSX,39.9904,116.386
101.126.24.71,2026-07-13T08:33:26.467779,auto,11,5,N/A,N/A,NO,N/A,China,GHSX,39.9904,116.386
173.239.211.36,2026-07-13T08:33:26.467786,auto,2,2,100,85,NO,N/A,United States,F.N.S. HOLDINGS LIMITED,40.7127,-74.0059
101.201.48.177,2026-07-13T08:33:26.467793,auto,3,4,N/A,N/A,NO,N/A,China,Hangzhou Alibaba Advertising Co,39.911,116.395
101.200.124.12,2026-07-13T08:33:26.467799,auto,2,3,97,67,NO,N/A,China,Hangzhou Alibaba Advertising Co,39.911,116.395
45.156.129.90,2026-07-13T08:33:26.467805,auto,4,2,N/A,N/A,NO,N/A,United States,"NSEC - Sistemas Informaticos, S.A.",41.8781,-87.6298
178.105.77.12,2026-07-13T08:33:26.467811,auto,N/A,N/A,100,64,NO,N/A,Germany,Hetzner Online GmbH,50.4777,12.3649
151.243.11.245,2026-07-13T08:33:26.467817,auto,N/A,N/A,100,9853,NO,N/A,Germany,LLC VASH KREDIT BANK,50.1109,8.68213
1.38.239.57,2026-07-13T08:33:26.467823,auto,2,3,0,0,NO,1,India,Vodafone India Ltd,23.0276,72.5871
101.126.88.251,2026-07-13T08:33:26.467829,auto,11,3,N/A,N/A,NO,N/A,China,"Beijing Volcano Engine Technology Co., Ltd.",39.9042,116.407
66.132.224.15,2026-07-13T08:33:26.467835,auto,11,4,N/A,N/A,NO,N/A,United States,"Censys, Inc.",42.2809,-83.7489
101.126.54.36,2026-07-13T08:33:26.467841,auto,11,5,N/A,N/A,NO,N/A,China,GHSX,39.9904,116.386
161.35.209.22,2026-07-13T08:33:26.467846,auto,3,2,N/A,N/A,NO,N/A,Germany,"DigitalOcean, LLC",50.1169,8.6837
136.228.161.66,2026-07-13T08:33:26.467852,auto,N/A,N/A,100,3298,NO,N/A,Myanmar,Myanma Post & Telecommunication,16.7964,96.1667
91.92.40.7,2026-07-13T08:33:26.467858,auto,N/A,N/A,100,12065,NO,N/A,Bulgaria,BULLETGROUP,43.1753,27.9041
216.244.66.228,2026-07-13T08:33:26.467864,auto,4,2,N/A,N/A,NO,N/A,United States,Wowrack.com,47.4932,-122.294
35.240.93.180,2026-07-13T08:33:26.467870,auto,3,3,N/A,N/A,NO,N/A,Belgium,Google LLC,50.9009,4.4855
1.250.67.190,2026-07-13T08:33:26.467875,auto,10,3,N/A,N/A,NO,N/A,South Korea,SK Broadband Co Ltd,35.8014,127.1076
62.89.29.174,2026-07-13T08:33:26.467881,auto,5,3,N/A,N/A,NO,N/A,Armenia,GNC-Alfa CJSC,40.1814,44.5102
143.42.164.97,2026-07-13T08:33:26.467887,auto,4,2,N/A,N/A,NO,N/A,United States,"Akamai Technologies, Inc.",37.5483,-121.9886
1.214.214.114,2026-07-13T08:33:26.467893,auto,13,4,N/A,N/A,NO,N/A,South Korea,LG DACOM Corporation,37.5332,126.9692
1.27.226.158,2026-07-13T08:33:26.467899,auto,3,2,N/A,N/A,NO,N/A,China,China Unicom Neimeng Province Network,42.2683,118.9636
176.211.42.202,2026-07-13T08:33:26.467906,auto,15,2,N/A,N/A,NO,N/A,Russia,PJSC Rostelecom,43.1332,131.911
2.57.122.150,2026-07-13T08:33:26.467912,auto,16,3,N/A,N/A,NO,N/A,The Netherlands,Unmanaged LTD,52.3676,4.90414
101.126.67.255,2026-07-13T08:33:26.467918,auto,11,5,N/A,N/A,NO,N/A,China,"Beijing Volcano Engine Technology Co., Ltd.",39.9042,116.407
101.13.5.50,2026-07-13T08:33:26.467924,auto,15,5,N/A,N/A,NO,N/A,Taiwan,"Taiwan Mobile Co., Ltd.",25.0237,121.552
